userID,IPaddress,Timezone,Latitude,Longitude,DeviceInfo,TypingSpeed,MouseSpeed,LoginTime
153847,192.168.1.89,America/Los_Angeles,34.052235,-118.243683,Windows,130,1500.60,2025-03-19 09:45:12
153847,192.168.1.89,America/Los_Angeles,34.055215000000004,-118.25553000000001,Windows,132,1532.6,2025-03-19 10:45:13
235719,210.150.181.233,Asia/Tokyo,35.689487,139.691711,Mac,160,1805.30,2025-03-19 20:50:22
235719,210.150.181.233,Asia/Tokyo,35.713358,139.65864,Mac,159,1841.3,2025-03-19 21:50:25
247815,156.200.77.99,America/Denver,39.739236,-104.990251,Android,74,855.60,2025-03-19 11:40:18
247815,156.200.77.99,America/Denver,39.704212999999996,-105.016732,Android,75,821.6,2025-03-19 13:41:11
295837,203.144.78.55,Asia/Tokyo,35.689487,139.691711,Mac,85,900.20,2025-03-19 14:45:30
295837,203.144.78.55,Asia/Tokyo,35.71751,139.731553,Mac,87,943.2,2025-03-19 17:45:28
309472,132.45.165.175,Europe/Berlin,52.520008,13.404954,Windows,135,1620.90,2025-03-19 08:50:55
309472,132.45.165.175,Europe/Berlin,52.518437,13.44813,Windows,132,1584.9,2025-03-19 11:50:30
350891,139.200.110.22,Asia/Bangkok,13.756331,100.501762,Android,125,1305.60,2025-03-19 17:05:25
350891,139.200.110.22,Asia/Bangkok,13.728638,100.49519,Android,123,1316.6,2025-03-19 20:04:52
351982,146.98.150.100,America/Phoenix,33.448376,-112.074036,Windows,68,790.30,2025-03-19 05:45:50
351982,146.98.150.100,America/Phoenix,33.440319,-112.05352,Windows,63,827.3,2025-03-19 06:45:22
364829,178.50.119.150,Europe/London,51.507351,-0.127758,Linux,185,1905.80,2025-03-19 21:30:55
364829,178.50.119.150,Europe/London,51.500744,-0.12190700000000002,Linux,190,1941.8,2025-03-20 00:30:58
394726,132.45.145.160,Europe/Lisbon,38.716892,-9.139994,Windows,140,1665.80,2025-03-19 07:35:10
394726,132.45.145.160,Europe/Lisbon,38.676395,-9.169554999999999,Windows,140,1711.8,2025-03-19 09:35:17
430196,139.200.125.77,Asia/Jakarta,-6.208763,106.845599,Android,120,1310.60,2025-03-19 16:30:28
430196,139.200.125.77,Asia/Jakarta,-6.239868,106.86639400000001,Android,123,1275.6,2025-03-19 18:30:49
432185,139.200.151.188,Asia/Shanghai,31.230391,121.473701,Android,125,1360.70,2025-03-19 16:45:17
432185,139.200.151.188,Asia/Shanghai,31.196930000000002,121.476162,Android,128,1337.7,2025-03-19 18:45:55
481926,146.98.222.66,America/Toronto,43.651070,-79.347015,Windows,60,780.90,2025-03-19 06:55:10
481926,146.98.222.66,America/Toronto,43.607702999999994,-79.381929,Windows,62,750.9,2025-03-19 07:55:04
509276,156.200.88.190,America/New_York,40.712776,-74.005974,Android,80,870.90,2025-03-19 12:55:40
509276,156.200.88.190,America/New_York,40.685629999999996,-74.023281,Android,83,863.9,2025-03-19 15:54:42
518729,156.200.88.44,America/Chicago,41.878113,-87.629799,Android,78,880.30,2025-03-19 12:30:20
518729,156.200.88.44,America/Chicago,41.914491,-87.656535,Android,75,873.3,2025-03-19 15:30:11
529874,210.150.160.66,Asia/Hong_Kong,22.319303,114.169361,Mac,158,1725.70,2025-03-19 20:40:32
529874,210.150.160.66,Asia/Hong_Kong,22.291958,114.189179,Mac,158,1719.7,2025-03-19 21:40:45
573829,192.168.1.77,America/Chicago,41.878113,-87.629799,Windows,115,1375.20,2025-03-19 10:15:22
573829,192.168.1.77,America/Chicago,41.867562,-87.647047,Windows,115,1334.2,2025-03-19 12:14:31
615384,178.50.101.200,Europe/Rome,41.902782,12.496366,Linux,180,1895.30,2025-03-19 22:10:37
615384,178.50.101.200,Europe/Rome,41.870532000000004,12.493732,Linux,182,1877.3,2025-03-19 23:11:31
648293,132.45.192.240,Europe/Madrid,40.416775,-3.703790,Windows,145,1685.20,2025-03-19 08:25:10
648293,132.45.192.240,Europe/Madrid,40.438896,-3.6663110000000003,Windows,146,1637.2,2025-03-19 09:24:32
648295,178.50.111.220,Europe/Paris,48.856613,2.352222,Linux,175,1850.70,2025-03-19 22:05:45
648295,178.50.111.220,Europe/Paris,48.879118000000005,2.350059,Linux,180,1894.7,2025-03-20 00:05:04
678291,146.98.173.199,America/Toronto,43.651070,-79.347015,Windows,65,765.50,2025-03-19 06:15:33
678291,146.98.173.199,America/Toronto,43.677521,-79.333271,Windows,66,728.5,2025-03-19 08:14:47
738291,192.168.1.67,America/New_York,40.712776,-74.005974,Windows,120,1400.50,2025-03-19 09:20:15
738291,192.168.1.67,America/New_York,40.748768,-73.961344,Windows,118,1363.5,2025-03-19 10:20:55
762814,154.87.55.99,America/Los_Angeles,34.052235,-118.243683,Linux,108,1185.40,2025-03-19 19:20:33
762814,154.87.55.99,America/Los_Angeles,34.03257,-118.287518,Linux,107,1151.4,2025-03-19 21:20:51
768231,154.87.44.88,America/Santiago,-33.448891,-70.669266,Linux,112,1230.50,2025-03-19 18:15:55
768231,154.87.44.88,America/Santiago,-33.457193000000004,-70.63920499999999,Linux,112,1221.5,2025-03-19 21:15:52
781452,154.87.37.166,America/Mexico_City,19.432608,-99.133209,Linux,110,1225.40,2025-03-19 19:35:28
781452,154.87.37.166,America/Mexico_City,19.423151999999998,-99.10443099999999,Linux,113,1227.4,2025-03-19 20:36:28
819247,204.66.101.88,Europe/Amsterdam,52.367573,4.904138,Linux,190,1955.80,2025-03-19 23:25:50
819247,204.66.101.88,Europe/Amsterdam,52.409953,4.9374579999999995,Linux,189,1910.8,2025-03-20 02:25:35
864509,204.66.92.140,Europe/Stockholm,59.329323,18.068581,Linux,193,1980.40,2025-03-19 23:50:12
864509,204.66.92.140,Europe/Stockholm,59.320544000000005,18.109751,Linux,190,2000,2025-03-20 00:50:19
897624,204.66.82.155,Europe/Berlin,52.520008,13.404954,Linux,195,1995.80,2025-03-19 23:55:41
897624,204.66.82.155,Europe/Berlin,52.568867,13.438843,Linux,197,2000,2025-03-20 00:56:23
925301,210.150.112.77,Asia/Kuala_Lumpur,3.139003,101.686852,Mac,155,1750.20,2025-03-19 21:30:40
925301,210.150.112.77,Asia/Kuala_Lumpur,3.17119,101.658739,Mac,160,1796.2,2025-03-19 23:30:44
927364,203.144.65.101,Asia/Kolkata,28.613939,77.209023,Mac,95,950.30,2025-03-19 14:10:30
927364,203.144.65.101,Asia/Kolkata,28.576939999999997,77.179252,Mac,91,926.3,2025-03-19 16:10:34
982147,203.144.98.33,Asia/Seoul,37.566536,126.977966,Mac,92,920.40,2025-03-19 15:50:45
982147,203.144.98.33,Asia/Seoul,37.552386,126.97408499999999,Mac,87,934.4,2025-03-19 17:50:20
Abhay,210.150.102.66,Asia/Kolkata,19.076090,72.877426,Windows,110,1285.60,2025-03-19 13:30:18
Abhay,210.150.102.66,Asia/Kolkata,19.121461,72.914876,Windows,108,1290.6,2025-03-19 15:31:18
AbigailMartinez,154.87.122.45,America/Bogota,4.609710,-74.081749,Linux,95,1120.40,2025-03-19 17:55:18
AbigailMartinez,154.87.122.45,America/Bogota,4.652337999999999,-74.042242,Linux,93,1114.4,2025-03-19 18:55:55
Adish,154.87.64.190,Asia/Singapore,1.352083,103.819839,Windows,160,1805.30,2025-03-19 07:45:30
Adish,154.87.64.190,Asia/Singapore,1.318551,103.810254,Windows,161,1762.3,2025-03-19 10:44:32
Aeroneo,192.168.1.211,Asia/Hong_Kong,22.319303,114.169361,Mac,135,1500.20,2025-03-19 18:20:25
Aeroneo,192.168.1.211,Asia/Hong_Kong,22.354679,114.147606,Mac,134,1497.2,2025-03-19 21:20:25
Alexander404,178.50.120.33,Europe/London,51.507222,-0.127647,Linux,165,1820.70,2025-03-19 22:20:14
Alexander404,178.50.120.33,Europe/London,51.516054,-0.15079900000000002,Linux,165,1787.7,2025-03-20 00:20:26
AlexanderNguyen,139.200.120.99,Asia/Ho_Chi_Minh,10.776889,106.700897,Android,100,1280.60,2025-03-19 18:15:28
AlexanderNguyen,139.200.120.99,Asia/Ho_Chi_Minh,10.736408,106.671674,Android,104,1318.6,2025-03-19 21:15:59
alphaDrift,195.77.88.99,Europe/Vienna,48.208176,16.373819,Mac,85,950.40,2025-03-19 14:12:35
alphaDrift,195.77.88.99,Europe/Vienna,48.248562,16.351368,Mac,80,911.4,2025-03-19 16:12:40
alphaX99,203.45.67.89,America/Denver,39.739236,-104.990251,Windows,85,980.30,2025-03-19 08:55:10
alphaX99,203.45.67.89,America/Denver,39.695523,-105.017216,Windows,86,940.3,2025-03-19 11:55:26
Amelia707,154.87.99.201,America/Buenos_Aires,-34.603722,-58.381592,Linux,100,1122.30,2025-03-19 18:30:22
Amelia707,154.87.99.201,America/Buenos_Aires,-34.648424,-58.379798,Linux,97,1168.3,2025-03-19 21:30:37
Amritesh,203.144.55.101,Asia/Tokyo,35.689487,139.691711,Windows,145,1625.40,2025-03-19 09:30:12
Amritesh,203.144.55.101,Asia/Tokyo,35.66276,139.675176,Windows,150,1613.4,2025-03-19 11:29:27
androidUser42,185.45.32.12,Asia/Kolkata,28.613939,77.209023,Android,55,400.00,2025-03-19 18:22:11
androidUser42,185.45.32.12,Asia/Kolkata,28.612568,77.237403,Android,55,362.0,2025-03-19 21:21:34
AriaBaker,146.98.205.78,America/Edmonton,53.546124,-113.493823,Windows,50,675.70,2025-03-19 06:30:05
AriaBaker,146.98.205.78,America/Edmonton,53.550881,-113.494021,Windows,54,721.7,2025-03-19 08:30:10
Ashish,139.200.120.55,Asia/Dhaka,23.810331,90.412521,Mac,70,875.20,2025-03-19 19:55:47
Ashish,139.200.120.55,Asia/Dhaka,23.815561000000002,90.416434,Mac,75,835.2,2025-03-19 21:54:47
AubreyYoung,204.66.220.88,Europe/Dublin,53.349805,-6.260310,Linux,190,1985.20,2025-03-19 23:25:42
AubreyYoung,204.66.220.88,Europe/Dublin,53.30021300000001,-6.30063,Linux,194,1958.2,2025-03-20 00:24:57
Ava159,204.66.177.221,Europe/Oslo,59.913868,10.752245,Linux,185,1955.40,2025-03-19 23:10:42
Ava159,204.66.177.221,Europe/Oslo,59.89638,10.729799,Linux,185,1928.4,2025-03-20 02:11:33
Ava445,156.200.29.90,America/Chicago,41.878113,-87.629799,Android,70,860.20,2025-03-19 11:20:10
Ava445,156.200.29.90,America/Chicago,41.842546,-87.59039100000001,Android,68,855.2,2025-03-19 14:19:55
AvaRodriguez,146.98.33.99,America/Toronto,43.651070,-79.347015,Windows,50,420.30,2025-03-19 06:55:40
AvaRodriguez,146.98.33.99,America/Toronto,43.653529999999996,-79.305655,Windows,55,388.3,2025-03-19 08:56:17
AveryWilliams,203.144.22.78,Asia/Tokyo,35.682839,139.759455,Mac,85,980.40,2025-03-19 14:35:50
AveryWilliams,203.144.22.78,Asia/Tokyo,35.683456,139.767717,Mac,87,1017.4,2025-03-19 15:36:33
Baburao,132.45.200.188,Asia/Jakarta,-6.208763,106.845599,Windows,110,1255.90,2025-03-19 16:25:50
Baburao,132.45.200.188,Asia/Jakarta,-6.222644,106.796475,Windows,113,1257.9,2025-03-19 19:25:15
Benjamin606,132.45.55.199,Europe/Zurich,47.376886,8.541694,Windows,145,1600.90,2025-03-19 08:20:29
Benjamin606,132.45.55.199,Europe/Zurich,47.361335,8.514088,Windows,148,1594.9,2025-03-19 09:20:03
BenjaminWilson,132.45.66.178,Europe/Madrid,40.416775,-3.703790,Windows,125,1520.90,2025-03-19 08:50:10
BenjaminWilson,132.45.66.178,Europe/Madrid,40.392394,-3.726761,Windows,128,1558.9,2025-03-19 09:51:10
betaCoder12,198.51.101.25,Asia/Dubai,25.276987,55.296249,Linux,70,750.60,2025-03-19 16:22:45
betaCoder12,198.51.101.25,Asia/Dubai,25.302332,55.269838,Linux,68,710.6,2025-03-19 17:23:38
binaryComet,203.85.150.39,Australia/Sydney,-33.868820,151.209290,Linux,95,1040.90,2025-03-19 20:15:27
binaryComet,203.85.150.39,Australia/Sydney,-33.84163,151.198441,Linux,90,1023.9000000000001,2025-03-19 21:15:01
binaryNexus,88.176.56.111,Europe/Berlin,52.520008,13.404954,Windows,135,1420.50,2025-03-19 15:57:29
binaryNexus,88.176.56.111,Europe/Berlin,52.520838,13.416839,Windows,132,1435.5,2025-03-19 18:56:52
blackHawkX,203.78.200.35,Asia/Colombo,6.927079,79.861244,Android,185,1950.70,2025-03-19 23:25:59
blackHawkX,203.78.200.35,Asia/Colombo,6.974439,79.887326,Android,180,1931.7,2025-03-20 00:25:46
Boogeyman,156.200.105.76,Asia/Seoul,37.566536,126.977966,Android,175,1905.60,2025-03-19 15:35:41
Boogeyman,156.200.105.76,Asia/Seoul,37.558768,126.94590199999999,Android,174,1943.6,2025-03-19 17:35:59
BrXp209,132.45.143.180,Europe/Brussels,50.850346,4.351721,Windows,145,1680.30,2025-03-19 08:20:15
BrXp209,132.45.143.180,Europe/Brussels,50.85425,4.364108000000001,Windows,145,1649.3,2025-03-19 11:20:13
BvXp119,132.45.45.155,Europe/Amsterdam,52.367573,4.904139,Windows,130,1600.80,2025-03-19 09:25:47
BvXp119,132.45.45.155,Europe/Amsterdam,52.34973,4.885092,Windows,134,1632.8,2025-03-19 10:24:59
BvXp456,132.45.132.140,Europe/Vienna,48.208176,16.373819,Windows,138,1585.70,2025-03-19 07:50:12
BvXp456,132.45.132.140,Europe/Vienna,48.222652000000004,16.326119000000002,Windows,135,1632.7,2025-03-19 08:49:56
byteVortex,146.98.33.77,America/Buenos_Aires,-34.603722,-58.381592,Windows,50,420.30,2025-03-19 06:55:40
byteVortex,146.98.33.77,America/Buenos_Aires,-34.586379,-58.378983,Windows,48,463.3,2025-03-19 09:54:43
BzXp201,132.45.165.190,Europe/Rome,41.902782,12.496366,Windows,140,1650.90,2025-03-19 08:10:29
BzXp201,132.45.165.190,Europe/Rome,41.920571,12.492097,Windows,142,1666.9,2025-03-19 10:10:10
Carrot,146.98.192.99,Asia/Karachi,24.860735,67.001137,Mac,85,960.80,2025-03-19 11:10:12
Carrot,146.98.192.99,Asia/Karachi,24.872674999999997,66.952089,Mac,81,1010.8,2025-03-19 13:10:22
Charlotte505,156.200.66.78,America/Vancouver,49.282729,-123.120738,Android,80,950.10,2025-03-19 12:45:37
Charlotte505,156.200.66.78,America/Vancouver,49.291752,-123.118792,Android,85,925.1,2025-03-19 15:45:51
CharlotteDavis,156.200.88.33,America/Vancouver,49.282730,-123.120735,Android,75,980.20,2025-03-19 11:55:20
CharlotteDavis,156.200.88.33,America/Vancouver,49.319485,-123.106318,Android,73,1020.2,2025-03-19 14:56:02
ChloeRoberts,154.87.33.111,America/Argentina/Buenos_Aires,-34.603722,-58.381592,Linux,100,1150.90,2025-03-19 17:10:50
ChloeRoberts,154.87.33.111,America/Argentina/Buenos_Aires,-34.631572999999996,-58.427485,Linux,102,1117.9,2025-03-19 19:10:54
cyberBlitz,72.209.200.50,America/Toronto,43.651070,-79.347015,Mac,115,1190.80,2025-03-19 06:30:30
cyberBlitz,72.209.200.50,America/Toronto,43.674330999999995,-79.350362,Mac,117,1197.8,2025-03-19 09:30:13
cyberHunter,104.20.60.77,Asia/Hong_Kong,22.319303,114.169361,Linux,175,1900.30,2025-03-19 18:22:11
cyberHunter,104.20.60.77,Asia/Hong_Kong,22.272122000000003,114.14994499999999,Linux,171,1865.3,2025-03-19 20:21:55
cyberKnight,203.44.55.66,Europe/Oslo,59.913868,10.752245,Mac,115,1300.60,2025-03-19 16:40:10
cyberKnight,203.44.55.66,Europe/Oslo,59.944562,10.779751000000001,Mac,114,1312.6,2025-03-19 19:40:08
cyberPhantom,203.144.78.120,Asia/Jakarta,-6.208763,106.845599,Linux,75,890.70,2025-03-19 18:45:22
cyberPhantom,203.144.78.120,Asia/Jakarta,-6.241678,106.80905800000001,Linux,70,880.7,2025-03-19 21:44:50
Daniel808,210.150.39.200,Asia/Taipei,25.033964,121.564468,Mac,150,1705.50,2025-03-19 20:55:41
Daniel808,210.150.39.200,Asia/Taipei,25.020177,121.528121,Mac,155,1723.5,2025-03-19 21:55:18
DanielGonzalez,139.200.77.44,Asia/Kuala_Lumpur,3.139003,101.686855,Android,110,1305.60,2025-03-19 17:45:30
DanielGonzalez,139.200.77.44,Asia/Kuala_Lumpur,3.161265,101.69177099999999,Android,113,1256.6,2025-03-19 20:46:30
DanielMorris,192.168.45.78,America/New_York,40.712776,-74.005974,Windows,105,1255.30,2025-03-19 07:30:20
DanielMorris,192.168.45.78,America/New_York,40.739818,-74.005439,Windows,101,1219.3,2025-03-19 08:29:52
DanielWhite,210.150.85.230,Asia/Shanghai,31.230391,121.473701,Mac,150,1705.30,2025-03-19 20:15:33
DanielWhite,210.150.85.230,Asia/Shanghai,31.221337000000002,121.42720600000001,Mac,148,1718.3,2025-03-19 22:15:25
darkRider07,203.150.60.22,Asia/Karachi,24.860735,67.001137,Mac,140,1605.40,2025-03-19 21:37:25
darkRider07,203.150.60.22,Asia/Karachi,24.821246,66.976231,Mac,140,1640.4,2025-03-20 00:37:01
darkShadow,102.198.5.44,Asia/Kolkata,28.613939,77.209023,Windows,110,1290.90,2025-03-19 12:15:55
darkShadow,102.198.5.44,Asia/Kolkata,28.637259999999998,77.25143,Windows,106,1330.9,2025-03-19 14:16:35
dataGuardian,203.150.23.67,Asia/Manila,14.599512,120.984222,Windows,80,970.30,2025-03-19 14:10:30
dataGuardian,203.150.23.67,Asia/Manila,14.587971000000001,120.990887,Windows,81,928.3,2025-03-19 17:09:52
dataSurge,202.55.110.205,Europe/Brussels,50.850346,4.351721,Linux,140,1580.20,2025-03-19 19:30:07
dataSurge,202.55.110.205,Europe/Brussels,50.807763,4.326018,Linux,135,1571.2,2025-03-19 22:29:22
dataViper,104.20.75.99,Asia/Kathmandu,27.717245,85.323960,Linux,165,1780.30,2025-03-19 18:45:11
dataViper,104.20.75.99,Asia/Kathmandu,27.75717,85.332082,Linux,166,1816.3,2025-03-19 20:44:52
dataWizardX,72.209.105.33,America/Mexico_City,19.432608,-99.133209,Mac,105,1120.80,2025-03-19 06:50:30
dataWizardX,72.209.105.33,America/Mexico_City,19.399891999999998,-99.124686,Mac,103,1079.8,2025-03-19 07:50:09
DavidPerez,132.45.150.222,Europe/Lisbon,38.716892,-9.139900,Windows,130,1505.60,2025-03-19 08:15:22
DavidPerez,132.45.150.222,Europe/Lisbon,38.760093000000005,-9.138623,Windows,131,1536.6,2025-03-19 10:15:41
deltaForceX,203.90.25.100,Asia/Istanbul,41.008240,28.978359,Linux,185,1905.20,2025-03-19 23:10:05
deltaForceX,203.90.25.100,Asia/Istanbul,40.983773,28.980531000000003,Linux,190,1883.2,2025-03-20 02:09:15
dev_walker,192.0.2.55,Asia/Singapore,1.352083,103.819839,Windows,80,1100.60,2025-03-19 20:19:35
dev_walker,192.0.2.55,Asia/Singapore,1.3181779999999998,103.808781,Windows,85,1124.6,2025-03-19 22:19:00
Dhruv,139.200.98.76,Asia/Bangkok,13.756331,100.501762,Linux,75,925.60,2025-03-19 20:15:40
Dhruv,139.200.98.76,Asia/Bangkok,13.745355,100.493419,Linux,76,880.6,2025-03-19 23:14:50
Dubseez,178.50.111.203,Asia/Dubai,25.276987,55.296249,Android,95,1050.80,2025-03-19 22:05:55
Dubseez,178.50.111.203,Asia/Dubai,25.305266999999997,55.299051000000006,Android,90,1092.8,2025-03-20 01:05:15
echoByte42,104.25.56.33,America/Bogota,4.711000,-74.072090,Linux,100,1180.20,2025-03-19 05:05:18
echoByte42,104.25.56.33,America/Bogota,4.7583660000000005,-74.058372,Linux,100,1176.2,2025-03-19 07:05:29
echoStorm,139.44.98.120,America/Santiago,-33.448890,-70.669265,Windows,55,500.50,2025-03-19 06:50:07
echoStorm,139.44.98.120,America/Santiago,-33.488977999999996,-70.64201299999999,Windows,54,550.5,2025-03-19 07:51:07
Elijah654,132.45.99.105,Europe/Madrid,40.416775,-3.703790,Windows,140,1620.20,2025-03-19 09:10:05
Elijah654,132.45.99.105,Europe/Madrid,40.399916000000005,-3.730429,Windows,143,1576.2,2025-03-19 10:09:19
ElijahPatel,210.150.60.44,Asia/Kolkata,28.613939,77.209023,Mac,140,1605.40,2025-03-19 21:37:25
ElijahPatel,210.150.60.44,Asia/Kolkata,28.581013,77.227912,Mac,135,1647.4,2025-03-20 00:37:21
Ella667,154.87.211.34,America/Mexico_City,19.432608,-99.133209,Linux,95,1120.90,2025-03-19 18:10:50
Ella667,154.87.211.34,America/Mexico_City,19.474438,-99.14698999999999,Linux,99,1114.9,2025-03-19 20:11:12
EllaMartinez,156.200.44.12,America/Los_Angeles,34.052235,-118.243683,Android,70,850.10,2025-03-19 12:05:37
EllaMartinez,156.200.44.12,America/Los_Angeles,34.006388,-118.28674600000001,Android,67,895.1,2025-03-19 13:06:04
EmilyClark,156.200.100.19,America/Los_Angeles,34.052235,-118.243683,Android,60,700.20,2025-03-19 11:05:55
EmilyClark,156.200.100.19,America/Los_Angeles,34.027865000000006,-118.22784800000001,Android,65,739.2,2025-03-19 13:05:47
EmilyLewis,156.200.77.23,America/Anchorage,61.218056,-149.900284,Android,75,890.70,2025-03-19 12:20:30
EmilyLewis,156.200.77.23,America/Anchorage,61.196644,-149.857314,Android,73,844.7,2025-03-19 13:21:22
Emma321,156.200.44.76,America/Los_Angeles,34.052235,-118.243683,Android,85,980.40,2025-03-19 11:25:45
Emma321,156.200.44.76,America/Los_Angeles,34.04128600000001,-118.28248500000001,Android,81,975.4,2025-03-19 14:25:09
EmmaLopez,154.87.45.199,America/Lima,-12.046374,-77.042793,Linux,80,1108.30,2025-03-19 17:30:22
EmmaLopez,154.87.45.199,America/Lima,-12.084087,-77.033237,Linux,84,1091.3,2025-03-19 19:30:47
Ethan202,192.168.1.101,America/Chicago,41.878113,-87.629799,Windows,120,1405.60,2025-03-19 09:30:25
Ethan202,192.168.1.101,America/Chicago,41.884544,-87.60499,Windows,122,1455.6,2025-03-19 11:31:04
EthanMitchell,192.168.1.101,America/Chicago,41.878113,-87.629799,Windows,115,1350.60,2025-03-19 09:15:30
EthanMitchell,192.168.1.101,America/Chicago,41.898621999999996,-87.58136300000001,Windows,116,1365.6,2025-03-19 11:14:34
Evelyn111,204.66.133.88,Europe/Berlin,52.520008,13.404954,Linux,180,1920.20,2025-03-19 23:55:50
Evelyn111,204.66.133.88,Europe/Berlin,52.515170999999995,13.378329,Linux,176,1871.2,2025-03-20 01:54:53
fastTyper99,64.233.160.0,America/Toronto,43.651070,-79.347015,Linux,180,1950.20,2025-03-19 13:59:22
fastTyper99,64.233.160.0,America/Toronto,43.640741,-79.395072,Linux,178,1945.2,2025-03-19 16:59:12
flashTyper,203.98.19.85,Australia/Brisbane,-27.469771,153.025124,Android,55,460.20,2025-03-19 23:50:10
flashTyper,203.98.19.85,Australia/Brisbane,-27.495685,152.984397,Android,56,440.2,2025-03-20 01:49:35
gamer_404,156.45.32.11,Europe/Berlin,52.520008,13.404954,Windows,130,1500.20,2025-03-19 19:10:30
gamer_404,156.45.32.11,Europe/Berlin,52.534203,13.418164,Windows,126,1477.2,2025-03-19 20:11:01
gammaStrike,152.77.98.45,Europe/Madrid,40.416775,-3.703790,Mac,135,1502.30,2025-03-19 17:20:30
gammaStrike,152.77.98.45,Europe/Madrid,40.377919,-3.6714160000000002,Mac,130,1518.3,2025-03-19 18:21:11
glitchSeeker,220.88.44.12,Asia/Bangkok,13.756331,100.501762,Mac,160,1755.90,2025-03-19 22:30:12
glitchSeeker,220.88.44.12,Asia/Bangkok,13.73874,100.52506699999999,Mac,163,1746.9,2025-03-19 23:29:16
glitchWave,149.50.200.44,Europe/Amsterdam,52.367573,4.904139,Mac,155,1720.30,2025-03-19 21:55:40
glitchWave,149.50.200.44,Europe/Amsterdam,52.402265,4.864513,Mac,153,1680.3,2025-03-19 23:54:52
GraceMitchell,203.144.30.45,Asia/Seoul,37.566536,126.977966,Mac,90,950.80,2025-03-19 15:50:32
GraceMitchell,203.144.30.45,Asia/Seoul,37.517091,126.989503,Mac,92,986.8,2025-03-19 18:51:22
hacker_One,102.168.5.32,Asia/Bangkok,13.756331,100.501762,Mac,100,1250.90,2025-03-19 12:05:55
hacker_One,102.168.5.32,Asia/Bangkok,13.777338,100.501214,Mac,104,1285.9,2025-03-19 15:04:59
Harper909,146.98.250.77,America/Phoenix,33.448376,-112.074036,Windows,60,780.70,2025-03-19 06:50:15
Harper909,146.98.250.77,America/Phoenix,33.457046000000005,-112.050791,Windows,62,741.7,2025-03-19 07:49:44
HarperSanchez,204.66.150.205,Europe/Oslo,59.913868,10.752245,Linux,175,1905.20,2025-03-19 23:50:05
HarperSanchez,204.66.150.205,Europe/Oslo,59.878105,10.735005000000001,Linux,171,1932.2,2025-03-20 02:49:21
Henry334,178.50.75.120,Europe/Vienna,48.208176,16.373819,Linux,160,1785.40,2025-03-19 21:35:20
Henry334,178.50.75.120,Europe/Vienna,48.176772,16.365309,Linux,158,1779.4,2025-03-19 23:35:15
HenryJohnson,192.168.1.50,America/New_York,40.712776,-74.005974,Windows,120,1405.60,2025-03-19 08:10:25
HenryJohnson,192.168.1.50,America/New_York,40.675753,-74.01492499999999,Windows,120,1381.6,2025-03-19 11:10:54
horizonByte,167.32.45.88,Europe/Stockholm,59.329323,18.068581,Windows,130,1500.80,2025-03-19 09:50:18
horizonByte,167.32.45.88,Europe/Stockholm,59.336679000000004,18.052045999999997,Windows,131,1549.8,2025-03-19 10:49:45
horizonEcho,190.66.88.33,America/Bogota,4.711000,-74.072092,Android,68,710.60,2025-03-19 07:10:18
horizonEcho,190.66.88.33,America/Bogota,4.662056000000001,-74.09172099999999,Android,70,737.6,2025-03-19 08:10:44
hyperionX,184.23.99.100,Europe/Athens,37.983810,23.727539,Linux,125,1450.40,2025-03-19 17:15:50
hyperionX,184.23.99.100,Europe/Athens,38.029613,23.746096,Linux,120,1448.4,2025-03-19 20:15:22
hyperSync,198.23.56.78,America/Los_Angeles,34.052235,-118.243683,Windows,92,1075.60,2025-03-19 07:15:45
hyperSync,198.23.56.78,America/Los_Angeles,34.084386,-118.219874,Windows,87,1109.6,2025-03-19 09:15:02
Isabella852,146.98.200.112,America/Denver,39.739236,-104.990251,Windows,70,820.90,2025-03-19 07:05:20
Isabella852,146.98.200.112,America/Denver,39.708273999999996,-105.024946,Windows,69,789.9,2025-03-19 10:05:11
IsabellaGomez,203.144.22.55,Asia/Singapore,1.352083,103.819839,Mac,95,1025.40,2025-03-19 15:40:12
IsabellaGomez,203.144.22.55,Asia/Singapore,1.382269,103.775212,Mac,96,1058.4,2025-03-19 17:39:31
Isla101,204.66.220.99,Europe/Athens,37.983810,23.727539,Linux,185,1945.80,2025-03-19 23:20:55
Isla101,204.66.220.99,Europe/Athens,37.960774,23.714203,Linux,185,1987.8,2025-03-20 01:21:28
jack_sparrow,185.22.48.99,America/Vancouver,49.282730,-123.120735,Linux,65,620.40,2025-03-19 05:45:18
jack_sparrow,185.22.48.99,America/Vancouver,49.310624000000004,-123.16579899999999,Linux,60,606.4,2025-03-19 08:44:57
Jack778,210.150.102.56,Asia/Kuala_Lumpur,3.139003,101.686852,Mac,145,1655.30,2025-03-19 20:30:25
Jack778,210.150.102.56,Asia/Kuala_Lumpur,3.158258,101.643137,Mac,143,1694.3,2025-03-19 22:29:43
JacksonGarcia,178.50.120.88,Europe/Stockholm,59.329323,18.068581,Linux,160,1750.30,2025-03-19 21:20:14
JacksonGarcia,178.50.120.88,Europe/Stockholm,59.367212,18.086547999999997,Linux,157,1781.3,2025-03-19 23:19:31
jaguarTech,185.42.48.77,America/Chicago,41.878113,-87.629799,Linux,68,630.40,2025-03-19 05:55:18
jaguarTech,185.42.48.77,America/Chicago,41.927127999999996,-87.67434,Linux,63,652.4,2025-03-19 07:56:17
JamesHarris,132.45.110.199,Europe/Amsterdam,52.367573,4.904139,Windows,145,1650.80,2025-03-19 09:35:12
JamesHarris,132.45.110.199,Europe/Amsterdam,52.388895,4.944716,Windows,146,1669.8,2025-03-19 10:34:41
JamesWang,139.200.19.85,Asia/Shanghai,31.230391,121.473701,Android,95,1020.90,2025-03-19 18:10:33
JamesWang,139.200.19.85,Asia/Shanghai,31.197764,121.426806,Android,94,1063.9,2025-03-19 21:11:02
johnD99,203.0.113.45,Europe/London,51.507351,-0.127758,Mac,95,1200.30,2025-03-19 10:15:42
johnD99,203.0.113.45,Europe/London,51.492285,-0.173127,Mac,96,1190.3,2025-03-19 11:15:55
LdQv639,156.200.77.99,America/New_York,40.712776,-74.005974,Android,85,920.30,2025-03-19 12:55:27
LdQv639,156.200.77.99,America/New_York,40.671444,-74.01650199999999,Android,87,889.3,2025-03-19 13:56:05
LfDs342,156.200.88.99,America/Denver,39.739236,-104.990251,Android,80,890.70,2025-03-19 12:05:55
LfDs342,156.200.88.99,America/Denver,39.730153,-104.948581,Android,84,893.7,2025-03-19 13:04:58
Liam112,192.168.1.201,America/New_York,40.712776,-74.005974,Windows,125,1480.30,2025-03-19 09:10:30
Liam112,192.168.1.201,America/New_York,40.74688,-74.01729399999999,Windows,121,1525.3,2025-03-19 12:10:59
Liam456,203.144.32.18,Asia/Tokyo,35.682839,139.759455,Mac,95,1020.30,2025-03-19 15:15:22
Liam456,203.144.32.18,Asia/Tokyo,35.714999,139.727041,Mac,97,1002.3,2025-03-19 18:15:41
LiamAnderson,178.55.22.101,Europe/London,51.507351,-0.127758,Linux,150,1750.70,2025-03-19 20:45:10
LiamAnderson,178.55.22.101,Europe/London,51.541051,-0.10218300000000001,Linux,149,1715.7,2025-03-19 21:45:25
LilyCarter,156.200.99.44,America/Phoenix,33.448376,-112.074036,Android,60,800.40,2025-03-19 11:40:27
LilyCarter,156.200.99.44,America/Phoenix,33.482337,-112.04629100000001,Android,62,795.4,2025-03-19 13:41:19
LoganHill,192.168.1.102,America/Denver,39.739236,-104.990251,Windows,125,1450.30,2025-03-19 09:25:50
LoganHill,192.168.1.102,America/Denver,39.746089999999995,-104.9575,Windows,120,1497.3,2025-03-19 11:26:09
LtQp397,156.200.77.89,America/Vancouver,49.282730,-123.120735,Android,82,860.20,2025-03-19 13:10:20
LtQp397,156.200.77.89,America/Vancouver,49.236815,-123.13612499999999,Android,83,901.2,2025-03-19 15:11:13
LtQs612,156.200.88.66,America/Toronto,43.651070,-79.347015,Android,78,875.60,2025-03-19 12:10:50
LtQs612,156.200.88.66,America/Toronto,43.639222,-79.30462299999999,Android,80,882.6,2025-03-19 15:11:16
Lucas556,132.45.180.76,Europe/Stockholm,59.329323,18.068581,Windows,135,1535.60,2025-03-19 08:40:15
Lucas556,132.45.180.76,Europe/Stockholm,59.291027,18.098561999999998,Windows,138,1583.6,2025-03-19 11:40:39
Lucas963,139.200.77.155,Asia/Ho_Chi_Minh,10.776889,106.700897,Android,115,1305.50,2025-03-19 18:30:55
Lucas963,139.200.77.155,Asia/Ho_Chi_Minh,10.824052,106.66420099999999,Android,115,1318.5,2025-03-19 21:31:35
LucasClark,210.150.33.100,Asia/Dubai,25.276987,55.296249,Mac,145,1650.50,2025-03-19 20:10:41
LucasClark,210.150.33.100,Asia/Dubai,25.252039999999997,55.318425000000005,Mac,143,1694.5,2025-03-19 23:10:42
lucy.win,10.0.0.5,Australia/Sydney,-33.868820,151.209290,Windows,110,950.70,2025-03-19 22:45:59
lucy.win,10.0.0.5,Australia/Sydney,-33.894679,151.184629,Windows,114,928.7,2025-03-19 23:46:34
LukeHall,139.200.175.77,Asia/Manila,14.599512,120.984222,Android,110,1290.90,2025-03-19 18:40:50
LukeHall,139.200.175.77,Asia/Manila,14.636669000000001,120.969893,Android,107,1264.9,2025-03-19 19:41:00
MadisonWright,204.66.111.66,Europe/Athens,37.983810,23.727539,Linux,185,1950.20,2025-03-19 23:30:50
MadisonWright,204.66.111.66,Europe/Athens,37.98547,23.733195,Linux,190,1911.2,2025-03-20 00:31:17
mark_07,172.16.254.1,America/Chicago,41.878113,-87.629799,Windows,60,600.20,2025-03-19 07:50:30
mark_07,172.16.254.1,America/Chicago,41.88635,-87.591068,Windows,56,575.2,2025-03-19 08:50:29
Mason741,210.150.40.80,Asia/Hong_Kong,22.319303,114.169361,Mac,155,1730.60,2025-03-19 20:40:50
Mason741,210.150.40.80,Asia/Hong_Kong,22.273747,114.207539,Mac,152,1746.6,2025-03-19 21:39:53
MasonWalker,178.50.95.120,Europe/Paris,48.856613,2.352222,Linux,165,1805.60,2025-03-19 21:45:55
MasonWalker,178.50.95.120,Europe/Paris,48.899555,2.3200119999999997,Linux,161,1834.6,2025-03-20 00:45:27
matrixSolver,92.176.54.101,Africa/Cairo,30.044420,31.235712,Mac,120,1400.50,2025-03-19 22:37:29
matrixSolver,92.176.54.101,Africa/Cairo,30.092326999999997,31.196174,Mac,118,1404.5,2025-03-20 00:36:33
MatthewHall,210.150.70.66,Asia/Jakarta,-6.208763,106.845599,Mac,140,1605.30,2025-03-19 19:50:11
MatthewHall,210.150.70.66,Asia/Jakarta,-6.255683,106.863686,Mac,136,1572.3,2025-03-19 22:50:13
Mia303,203.144.24.56,Asia/Singapore,1.352083,103.819836,Mac,90,1005.30,2025-03-19 14:10:50
Mia303,203.144.24.56,Asia/Singapore,1.3543729999999998,103.866697,Mac,90,1005.3,2025-03-19 17:11:44
MiaKowalski,204.66.78.200,Europe/Warsaw,52.229676,21.012229,Linux,180,1900.20,2025-03-19 23:15:05
MiaKowalski,204.66.78.200,Europe/Warsaw,52.251346,21.021977,Linux,183,1946.2,2025-03-20 02:15:34
MiaTaylor,146.98.77.156,America/Denver,39.739236,-104.990251,Windows,65,755.70,2025-03-19 06:45:37
MiaTaylor,146.98.77.156,America/Denver,39.780561999999996,-104.98831,Windows,69,715.7,2025-03-19 08:46:04
MichaelBrown,178.50.77.200,Europe/Berlin,52.520008,13.404954,Linux,140,1655.80,2025-03-19 22:10:45
MichaelBrown,178.50.77.200,Europe/Berlin,52.559942,13.41538,Linux,137,1641.8,2025-03-20 01:10:56
midnightX,210.99.66.45,Asia/Tehran,35.689198,51.388974,Mac,180,1855.80,2025-03-19 23:05:45
midnightX,210.99.66.45,Asia/Tehran,35.704125,51.357411,Mac,185,1806.8,2025-03-20 02:06:10
mike_mac,216.58.210.14,Europe/Paris,48.856613,2.352222,Mac,135,1650.40,2025-03-19 11:37:28
mike_mac,216.58.210.14,Europe/Paris,48.840140000000005,2.360541,Mac,136,1649.4,2025-03-19 12:37:19
Munne,192.168.1.88,Asia/Jakarta,-6.208763,106.845599,Linux,130,1490.40,2025-03-19 18:45:33
Munne,192.168.1.88,Asia/Jakarta,-6.207625,106.86697400000001,Linux,132,1503.4,2025-03-19 19:45:26
MvNc765,178.50.61.200,Europe/Paris,48.856613,2.352222,Linux,170,1800.60,2025-03-19 22:10:35
MvNc765,178.50.61.200,Europe/Paris,48.808208,2.331752,Linux,175,1833.6,2025-03-19 23:09:43
MyatAmu,210.150.88.222,Asia/Kolkata,28.613939,77.209023,Mac,120,1350.70,2025-03-19 14:50:28
MyatAmu,210.150.88.222,Asia/Kolkata,28.647109999999998,77.202337,Mac,125,1373.7,2025-03-19 17:49:46
NathanKing,139.200.88.33,Asia/Bangkok,13.756331,100.501762,Android,105,1275.50,2025-03-19 18:00:40
NathanKing,139.200.88.33,Asia/Bangkok,13.754731,100.503365,Android,106,1283.5,2025-03-19 19:59:44
neonSpectre,198.76.54.32,Asia/Shanghai,31.230391,121.473701,Linux,140,1655.20,2025-03-19 21:05:33
neonSpectre,198.76.54.32,Asia/Shanghai,31.195356,121.425076,Linux,137,1662.2,2025-03-19 23:05:11
Nigga,146.98.187.99,Asia/Karachi,24.860735,67.001137,Linux,85,980.40,2025-03-19 11:55:17
Nigga,146.98.187.99,Asia/Karachi,24.877602,66.984109,Linux,88,956.4,2025-03-19 13:54:48
Noah123,192.168.1.200,America/New_York,40.712776,-74.005974,Windows,130,1500.50,2025-03-19 08:45:30
Noah123,192.168.1.200,America/New_York,40.670764,-74.029721,Windows,128,1491.5,2025-03-19 10:46:00
NoahHernandez,132.45.78.222,Europe/Paris,48.856613,2.352222,Windows,130,1500.80,2025-03-19 09:50:18
NoahHernandez,132.45.78.222,Europe/Paris,48.897376,2.3814919999999997,Windows,134,1520.8,2025-03-19 10:49:43
NoobOggy,204.66.91.155,Asia/Shanghai,31.230391,121.473701,Linux,200,1999.80,2025-03-19 23:40:33
NoobOggy,204.66.91.155,Asia/Shanghai,31.204508,121.42595100000001,Linux,200,2000,2025-03-20 01:41:28
novaStriker,210.45.66.78,Asia/Seoul,37.566536,126.977966,Windows,105,1255.30,2025-03-19 07:30:20
novaStriker,210.45.66.78,Asia/Seoul,37.585099,127.02547,Windows,106,1280.3,2025-03-19 10:29:23
novaTempest,132.188.44.78,Asia/Manila,14.599512,120.984219,Windows,125,1485.90,2025-03-19 16:20:55
novaTempest,132.188.44.78,Asia/Manila,14.621771,120.975971,Windows,121,1504.9,2025-03-19 19:20:56
OliverMorris,192.168.1.150,America/Toronto,43.651070,-79.347015,Windows,135,1550.30,2025-03-19 10:10:15
OliverMorris,192.168.1.150,America/Toronto,43.669554999999995,-79.392316,Windows,140,1547.3,2025-03-19 12:10:25
Olivia789,178.50.210.99,Europe/Berlin,52.520008,13.404954,Linux,175,1900.70,2025-03-19 22:55:10
Olivia789,178.50.210.99,Europe/Berlin,52.560236999999994,13.406253,Linux,179,1898.7,2025-03-19 23:54:22
OliviaMartinez,154.87.201.89,America/Sao_Paulo,-23.550520,-46.633308,Linux,75,1100.50,2025-03-19 16:22:41
OliviaMartinez,154.87.201.89,America/Sao_Paulo,-23.563129,-46.600273,Linux,75,1135.5,2025-03-19 17:23:22
omegaByte,193.51.101.26,Asia/Singapore,1.352083,103.819839,Linux,72,755.60,2025-03-19 16:32:45
omegaByte,193.51.101.26,Asia/Singapore,1.3223779999999998,103.792198,Linux,77,706.6,2025-03-19 18:32:38
omegaCipher,195.100.75.88,Europe/Prague,50.075539,14.437800,Windows,100,1200.50,2025-03-19 19:55:27
omegaCipher,195.100.75.88,Europe/Prague,50.064415,14.478119999999999,Windows,99,1180.5,2025-03-19 20:54:44
omegaDev77,88.176.54.101,Europe/Madrid,40.416775,-3.703790,Windows,120,1380.50,2025-03-19 15:37:29
omegaDev77,88.176.54.101,Europe/Madrid,40.459334,-3.728411,Windows,118,1408.5,2025-03-19 16:37:19
Owen990,139.200.199.88,Asia/Manila,14.599512,120.984222,Android,115,1300.20,2025-03-19 17:50:30
Owen990,139.200.199.88,Asia/Manila,14.58148,120.93580800000001,Android,117,1346.2,2025-03-19 19:50:10
phantomByte,176.50.200.22,Asia/Hong_Kong,22.319303,114.169361,Linux,145,1660.90,2025-03-19 22:40:55
phantomByte,176.50.200.22,Asia/Hong_Kong,22.27372,114.14922899999999,Linux,140,1703.9,2025-03-19 23:40:22
phoenixRoot,66.77.88.99,America/Toronto,43.651070,-79.347015,Linux,170,1800.30,2025-03-19 19:10:40
phoenixRoot,66.77.88.99,America/Toronto,43.68192,-79.366935,Linux,167,1806.3,2025-03-19 22:10:06
pixelPhantom,209.66.102.44,Europe/Copenhagen,55.676098,12.568337,Mac,100,1205.90,2025-03-19 20:15:14
pixelPhantom,209.66.102.44,Europe/Copenhagen,55.661573000000004,12.564122,Mac,103,1209.9,2025-03-19 23:15:41
pixelRacer99,203.78.19.85,Australia/Melbourne,-37.813629,144.963058,Android,50,420.20,2025-03-19 21:10:05
pixelRacer99,203.78.19.85,Australia/Melbourne,-37.814039,144.953183,Android,52,398.2,2025-03-20 00:09:32
pixelStorm,176.90.40.35,Asia/Tokyo,35.682839,139.759455,Android,45,315.70,2025-03-19 23:45:42
pixelStorm,176.90.40.35,Asia/Tokyo,35.731700000000004,139.728876,Android,41,274.7,2025-03-20 00:46:29
PlKs756,210.150.175.99,Asia/Seoul,37.566536,126.977966,Mac,160,1795.60,2025-03-19 20:50:28
PlKs756,210.150.175.99,Asia/Seoul,37.578635,127.025982,Mac,157,1826.6,2025-03-19 23:51:19
PlRs712,210.150.112.88,Asia/Tokyo,35.689487,139.691711,Mac,155,1755.80,2025-03-19 21:05:41
PlRs712,210.150.112.88,Asia/Tokyo,35.640416,139.649078,Mac,156,1760.8,2025-03-19 22:04:58
PlYs690,210.150.165.200,Asia/Taipei,25.033964,121.564468,Mac,162,1785.10,2025-03-19 20:25:17
PlYs690,210.150.165.200,Asia/Taipei,25.052304,121.542225,Mac,157,1782.1,2025-03-19 23:26:08
PoLs731,210.150.66.77,Asia/Shanghai,31.230391,121.473701,Mac,150,1705.30,2025-03-19 20:10:50
PoLs731,210.150.66.77,Asia/Shanghai,31.217491000000003,121.503926,Mac,151,1755.3,2025-03-19 22:10:49
QaRt892,203.144.90.65,Asia/Kolkata,28.613939,77.209023,Mac,100,980.20,2025-03-19 14:40:20
QaRt892,203.144.90.65,Asia/Kolkata,28.61629,77.237791,Mac,98,975.2,2025-03-19 15:41:03
QmLs729,203.144.88.54,Asia/Singapore,1.352083,103.819839,Mac,95,990.10,2025-03-19 14:55:45
QmLs729,203.144.88.54,Asia/Singapore,1.36673,103.866417,Mac,94,1003.1,2025-03-19 17:54:46
QrLs891,203.144.78.43,Asia/Bangkok,13.756331,100.501762,Mac,90,1002.60,2025-03-19 14:15:50
QrLs891,203.144.78.43,Asia/Bangkok,13.709111,100.45351,Mac,91,1035.6,2025-03-19 15:15:50
quantumBlade,194.88.123.99,Europe/Helsinki,60.169857,24.938379,Linux,160,1755.20,2025-03-19 14:05:50
quantumBlade,194.88.123.99,Europe/Helsinki,60.161843,24.969868,Linux,157,1714.2,2025-03-19 17:05:14
quantumCoder,210.44.78.12,Asia/Jakarta,-6.208763,106.845599,Linux,110,1320.90,2025-03-19 17:55:12
quantumCoder,210.44.78.12,Asia/Jakarta,-6.179207,106.81970600000001,Linux,113,1270.9,2025-03-19 18:55:46
quantumGhost,154.87.23.100,Africa/Johannesburg,-26.204103,28.047305,Linux,75,1100.50,2025-03-19 16:22:41
quantumGhost,154.87.23.100,Africa/Johannesburg,-26.241891,28.028557000000003,Linux,73,1141.5,2025-03-19 19:22:53
QwLp839,203.144.99.44,Asia/Kolkata,28.613939,77.209023,Mac,98,970.40,2025-03-19 15:20:10
QwLp839,203.144.99.44,Asia/Kolkata,28.585759999999997,77.25164600000001,Mac,101,935.4,2025-03-19 17:20:51
Ramesh,204.66.100.155,Asia/Shanghai,31.230391,121.473701,Linux,200,1998.70,2025-03-19 23:35:15
Ramesh,204.66.100.155,Asia/Shanghai,31.19554,121.50999,Linux,198,1951.7,2025-03-20 00:34:32
RdVq837,146.98.120.88,America/Detroit,42.331429,-83.045753,Windows,65,750.60,2025-03-19 07:50:08
RdVq837,146.98.120.88,America/Detroit,42.321633,-83.029182,Windows,64,759.6,2025-03-19 10:50:30
Rushi,154.87.77.190,Asia/Manila,14.599512,120.984222,Windows,150,1750.50,2025-03-19 07:15:20
Rushi,154.87.77.190,Asia/Manila,14.641072000000001,120.94644600000001,Windows,150,1784.5,2025-03-19 10:14:38
RvMp847,146.98.167.88,America/Chicago,41.878113,-87.629799,Windows,66,790.30,2025-03-19 06:30:40
RvMp847,146.98.167.88,America/Chicago,41.834797,-87.584145,Windows,69,763.3,2025-03-19 07:31:06
RvMq837,146.98.222.77,America/Phoenix,33.448376,-112.074036,Windows,60,785.40,2025-03-19 06:40:15
RvMq837,146.98.222.77,America/Phoenix,33.464583000000005,-112.04830500000001,Windows,56,824.4,2025-03-19 07:39:48
RwMq921,146.98.189.120,America/Denver,39.739236,-104.990251,Windows,68,810.50,2025-03-19 05:55:33
RwMq921,146.98.189.120,America/Denver,39.695848,-104.952578,Windows,63,851.5,2025-03-19 07:54:53
Sahil,203.144.77.201,Asia/Tokyo,35.689487,139.691711,Linux,140,1650.80,2025-03-19 08:10:25
Sahil,203.144.77.201,Asia/Tokyo,35.728374,139.675152,Linux,136,1631.8,2025-03-19 10:10:54
SamuelAnderson,132.45.77.199,Europe/Vienna,48.208176,16.373819,Windows,135,1480.90,2025-03-19 07:45:29
SamuelAnderson,132.45.77.199,Europe/Vienna,48.212721,16.341609000000002,Windows,139,1438.9,2025-03-19 10:46:00
Scarlett889,146.98.77.222,America/Los_Angeles,34.052235,-118.243683,Windows,65,780.40,2025-03-19 07:00:05
Scarlett889,146.98.77.222,America/Los_Angeles,34.036237,-118.22626000000001,Windows,61,781.4,2025-03-19 10:00:41
ScarlettHarris,154.87.95.201,America/Mexico_City,19.432608,-99.133209,Linux,95,1102.30,2025-03-19 18:50:22
ScarlettHarris,154.87.95.201,America/Mexico_City,19.405773,-99.15081799999999,Linux,90,1106.3,2025-03-19 21:50:23
ScarlettJohnson,146.98.133.99,America/Detroit,42.331429,-83.045753,Windows,65,740.60,2025-03-19 07:10:05
ScarlettJohnson,146.98.133.99,America/Detroit,42.318402999999996,-83.079508,Windows,66,759.6,2025-03-19 09:10:53
Sebastian101,139.200.88.22,Asia/Kathmandu,27.717245,85.323960,Android,110,1255.60,2025-03-19 17:15:30
Sebastian101,139.200.88.22,Asia/Kathmandu,27.709706999999998,85.275153,Android,114,1245.6,2025-03-19 20:15:24
SebastianAdams,178.50.210.88,Europe/Rome,41.902782,12.496366,Linux,155,1725.10,2025-03-19 22:30:14
SebastianAdams,178.50.210.88,Europe/Rome,41.925768000000005,12.533057,Linux,150,1702.1,2025-03-19 23:31:08
securityX9,203.0.113.90,America/Los_Angeles,34.052235,-118.243683,Linux,125,1400.90,2025-03-19 09:05:47
securityX9,203.0.113.90,America/Los_Angeles,34.075421000000006,-118.29054500000001,Linux,127,1429.9,2025-03-19 12:05:52
shadowCrawler,178.32.45.99,America/Montevideo,-34.901112,-56.164531,Android,45,320.60,2025-03-19 09:40:18
shadowCrawler,178.32.45.99,America/Montevideo,-34.936572,-56.189513999999996,Android,47,286.6,2025-03-19 10:39:41
shadowNinja,176.30.40.22,Asia/Seoul,37.566536,126.977966,Android,40,310.70,2025-03-19 23:15:42
shadowNinja,176.30.40.22,Asia/Seoul,37.579423999999996,126.931204,Android,40,359.7,2025-03-20 02:14:56
shadowPulse,178.200.56.90,America/New_York,40.712776,-74.005974,Windows,98,1120.40,2025-03-19 10:25:30
shadowPulse,178.200.56.90,America/New_York,40.700585,-74.01099599999999,Windows,94,1102.4,2025-03-19 12:26:19
Shounak,132.45.211.188,Asia/Singapore,1.352083,103.819839,Windows,120,1325.90,2025-03-19 16:50:59
Shounak,132.45.211.188,Asia/Singapore,1.34904,103.80543300000001,Windows,125,1306.9,2025-03-19 18:51:45
Shubham,178.50.160.188,Asia/Dubai,25.276987,55.296249,Android,90,1020.30,2025-03-19 21:20:35
Shubham,178.50.160.188,Asia/Dubai,25.229881,55.315628000000004,Android,94,1031.3,2025-03-19 23:19:45
sigmaX99,152.34.78.90,Europe/Lisbon,38.716930,-9.139530,Windows,88,980.30,2025-03-19 08:25:10
sigmaX99,152.34.78.90,Europe/Lisbon,38.684123,-9.120320000000001,Windows,86,959.3,2025-03-19 11:24:38
silentStorm,176.34.45.101,Europe/Amsterdam,52.367573,4.904139,Android,60,750.80,2025-03-19 11:20:45
silentStorm,176.34.45.101,Europe/Amsterdam,52.32063,4.894763,Android,64,752.8,2025-03-19 13:21:18
skyPhantom,204.66.78.200,Europe/Dublin,53.349805,-6.260310,Linux,180,1900.20,2025-03-19 23:15:05
skyPhantom,204.66.78.200,Europe/Dublin,53.312439000000005,-6.289732,Linux,175,1908.2,2025-03-20 00:15:43
skyWalker77,185.98.33.45,Europe/Rome,41.902782,12.496366,Mac,145,1685.70,2025-03-19 20:30:05
skyWalker77,185.98.33.45,Europe/Rome,41.932051,12.507196,Mac,142,1639.7,2025-03-19 22:29:46
Sophia223,203.144.56.89,Asia/Dubai,25.276987,55.296249,Mac,88,960.70,2025-03-19 14:50:40
Sophia223,203.144.56.89,Asia/Dubai,25.248310999999998,55.272787,Mac,91,978.7,2025-03-19 16:50:09
Sophia987,154.87.88.65,America/Lima,-12.046374,-77.042793,Linux,100,1125.80,2025-03-19 17:50:35
Sophia987,154.87.88.65,America/Lima,-12.084564,-77.023223,Linux,101,1112.8,2025-03-19 18:51:19
SophiaNguyen,203.145.66.23,Asia/Bangkok,13.756331,100.501762,Mac,85,950.40,2025-03-19 14:12:35
SophiaNguyen,203.145.66.23,Asia/Bangkok,13.759469999999999,100.458969,Mac,84,931.4,2025-03-19 16:12:19
SophiaRodriguez,203.144.18.95,Asia/Kolkata,28.613939,77.209023,Mac,85,970.20,2025-03-19 14:25:40
SophiaRodriguez,203.144.18.95,Asia/Kolkata,28.611234,77.234215,Mac,88,1011.2,2025-03-19 17:24:58
stealthX21,145.67.23.90,America/Sao_Paulo,-23.550520,-46.633308,Windows,95,1050.40,2025-03-19 09:40:25
stealthX21,145.67.23.90,America/Sao_Paulo,-23.507977999999998,-46.62149,Windows,92,1065.4,2025-03-19 12:40:05
stormBreaker,134.56.78.90,America/Anchorage,61.218056,-149.900284,Windows,90,1025.40,2025-03-19 08:15:22
stormBreaker,134.56.78.90,America/Anchorage,61.241012999999995,-149.942649,Windows,85,1026.4,2025-03-19 11:16:17
stormChaser,156.78.32.14,Europe/Warsaw,52.229676,21.012229,Mac,125,1475.20,2025-03-19 19:20:30
stormChaser,156.78.32.14,Europe/Warsaw,52.250416,21.008699,Mac,127,1487.2,2025-03-19 20:20:31
stormSentinel,185.120.32.76,America/Caracas,10.480594,-66.903606,Android,50,470.30,2025-03-19 08:35:12
stormSentinel,185.120.32.76,America/Caracas,10.469701,-66.904591,Android,53,493.3,2025-03-19 10:34:51
techNomad,190.209.135.33,Asia/Kuala_Lumpur,3.139003,101.686855,Windows,135,1550.60,2025-03-19 07:30:55
techNomad,190.209.135.33,Asia/Kuala_Lumpur,3.1094570000000004,101.667469,Windows,136,1558.6,2025-03-19 09:31:32
terraNova,185.33.67.199,Africa/Nairobi,-1.286389,36.817223,Android,80,980.40,2025-03-19 11:30:12
terraNova,185.33.67.199,Africa/Nairobi,-1.272487,36.844052,Android,80,1008.4,2025-03-19 13:30:18
thunderFlash,203.78.90.45,Australia/Perth,-31.950527,115.860457,Android,55,450.20,2025-03-19 21:20:05
thunderFlash,203.78.90.45,Australia/Perth,-31.965393000000002,115.82135099999999,Android,52,474.2,2025-03-20 00:19:30
titanEdge,139.200.19.85,Asia/Ho_Chi_Minh,10.762622,106.660172,Android,95,1020.90,2025-03-19 18:10:33
titanEdge,139.200.19.85,Asia/Ho_Chi_Minh,10.76324,106.706124,Android,99,1059.9,2025-03-19 19:11:03
TmFk529,139.200.110.35,Asia/Hong_Kong,22.319303,114.169361,Android,120,1320.10,2025-03-19 17:25:30
TmFk529,139.200.110.35,Asia/Hong_Kong,22.295693,114.206229,Android,124,1344.1,2025-03-19 19:24:46
TmFk611,139.200.135.66,Asia/Dubai,25.276987,55.296249,Android,118,1290.90,2025-03-19 16:50:18
TmFk611,139.200.135.66,Asia/Dubai,25.303092,55.308822000000006,Android,119,1283.9,2025-03-19 18:50:04
TmGk579,139.200.144.33,Asia/Manila,14.599512,120.984222,Android,122,1345.60,2025-03-19 17:15:28
TmGk579,139.200.144.33,Asia/Manila,14.593788,121.00509,Android,117,1303.6,2025-03-19 20:15:53
TnFk229,139.200.199.54,Asia/Manila,14.599512,120.984222,Android,110,1295.90,2025-03-19 18:20:33
TnFk229,139.200.199.54,Asia/Manila,14.630348000000001,121.024783,Android,115,1271.9,2025-03-19 19:20:16
userA123,192.168.1.10,America/New_York,40.712776,-74.005974,Windows,75,850.50,2025-03-19 08:30:15
userA123,192.168.1.10,America/New_York,40.730717999999996,-73.95902099999999,Windows,73,879.5,2025-03-19 10:29:16
Vadapav,156.200.140.76,Asia/Bangkok,13.756331,100.501762,Android,180,1935.20,2025-03-19 15:10:42
Vadapav,156.200.140.76,Asia/Bangkok,13.754788,100.487016,Android,183,1896.2,2025-03-19 18:11:13
velocityX,178.55.66.21,America/Denver,39.739236,-104.990251,Android,60,700.20,2025-03-19 11:05:55
velocityX,178.55.66.21,America/Denver,39.769293,-105.024013,Android,55,657.2,2025-03-19 13:05:57
VictoriaLopez,146.98.220.87,America/Chicago,41.878113,-87.629799,Windows,55,725.70,2025-03-19 06:20:15
VictoriaLopez,146.98.220.87,America/Chicago,41.876151,-87.62347600000001,Windows,58,690.7,2025-03-19 08:20:15
voidHacker,175.100.50.25,Africa/Lagos,6.524379,3.379206,Android,75,920.80,2025-03-19 13:20:41
voidHacker,175.100.50.25,Africa/Lagos,6.4836659999999995,3.356548,Android,74,887.8,2025-03-19 16:20:57
vortexX,98.200.150.31,Asia/Dhaka,23.810331,90.412521,Mac,120,1380.60,2025-03-19 19:10:21
vortexX,98.200.150.31,Asia/Dhaka,23.762192000000002,90.437128,Mac,122,1424.6,2025-03-19 22:11:12
VpNz345,178.50.132.200,Europe/Berlin,52.520008,13.404954,Linux,175,1855.70,2025-03-19 22:30:14
VpNz345,178.50.132.200,Europe/Berlin,52.537867,13.440088,Linux,173,1905.7,2025-03-20 00:30:20
warpDagger,170.244.98.25,Africa/Cairo,30.044420,31.235712,Windows,110,1300.50,2025-03-19 14:50:31
warpDagger,170.244.98.25,Africa/Cairo,30.032989999999998,31.278053,Windows,114,1287.5,2025-03-19 15:49:44
WilliamChen,210.150.44.200,Asia/Hong_Kong,22.319303,114.169361,Mac,145,1690.50,2025-03-19 20:25:55
WilliamChen,210.150.44.200,Asia/Hong_Kong,22.320408,114.135728,Mac,149,1724.5,2025-03-19 23:25:15
WxJq388,204.66.77.140,Europe/Oslo,59.913868,10.752245,Linux,188,1950.30,2025-03-19 23:10:45
WxJq388,204.66.77.140,Europe/Oslo,59.944331,10.799553,Linux,187,1953.3,2025-03-20 01:10:18
WxJq644,204.66.211.100,Europe/Dublin,53.349805,-6.260310,Linux,190,1980.20,2025-03-19 23:05:47
WxJq644,204.66.211.100,Europe/Dublin,53.320753,-6.2778789999999995,Linux,195,2000,2025-03-20 02:06:01
WxYj444,204.66.101.99,Europe/Lisbon,38.716931,-9.139506,Linux,185,1955.30,2025-03-19 23:40:50
WxYj444,204.66.101.99,Europe/Lisbon,38.755139,-9.101011000000002,Linux,190,1966.3,2025-03-20 00:41:37
WxYj765,204.66.89.120,Europe/Prague,50.075539,14.437800,Linux,190,1975.70,2025-03-19 23:20:55
WxYj765,204.66.89.120,Europe/Prague,50.111331,14.4226,Linux,192,1934.7,2025-03-20 02:21:07
xenonFlux,204.56.101.77,America/Mexico_City,19.432608,-99.133209,Windows,70,720.80,2025-03-19 09:45:38
xenonFlux,204.56.101.77,America/Mexico_City,19.442638,-99.131,Windows,74,679.8,2025-03-19 12:45:46
XvNk384,192.168.1.45,America/New_York,40.712776,-74.005974,Windows,130,1455.20,2025-03-19 09:30:22
XvNk384,192.168.1.45,America/New_York,40.708382,-73.966275,Windows,130,1496.2,2025-03-19 11:31:11
XyPz128,192.168.1.250,America/Toronto,43.651070,-79.347015,Windows,140,1550.30,2025-03-19 10:15:12
XyPz128,192.168.1.250,America/Toronto,43.682195,-79.38133499999999,Windows,140,1581.3,2025-03-19 13:15:06
XyQz527,192.168.1.55,America/Los_Angeles,34.052235,-118.243683,Windows,125,1425.30,2025-03-19 08:35:41
XyQz527,192.168.1.55,America/Los_Angeles,34.062098000000006,-118.20393100000001,Windows,130,1454.3,2025-03-19 09:35:11
xYz_456,198.51.100.20,Asia/Tokyo,35.689487,139.691711,Linux,150,1750.80,2025-03-19 14:05:10
xYz_456,198.51.100.20,Asia/Tokyo,35.705799999999996,139.675397,Linux,149,1728.8,2025-03-19 16:05:22
XzKp472,192.168.1.15,America/Chicago,41.878113,-87.629799,Windows,135,1505.20,2025-03-19 09:45:32
XzKp472,192.168.1.15,America/Chicago,41.862443999999996,-87.640792,Windows,131,1490.2,2025-03-19 10:45:04
zenMaster99,102.47.33.21,America/Phoenix,33.448376,-112.074036,Windows,50,480.70,2025-03-19 11:05:29
zenMaster99,102.47.33.21,America/Phoenix,33.41082900000001,-112.05668700000001,Windows,53,513.7,2025-03-19 13:05:17
zeroCipher,202.145.32.76,Asia/Taipei,25.033964,121.564468,Linux,155,1800.70,2025-03-19 20:45:10
zeroCipher,202.145.32.76,Asia/Taipei,25.048537,121.571995,Linux,152,1801.7,2025-03-19 23:46:01
ZnVk543,154.87.22.130,America/Buenos_Aires,-34.603722,-58.381592,Linux,110,1205.20,2025-03-19 19:05:37
ZnVk543,154.87.22.130,America/Buenos_Aires,-34.621424,-58.342765,Linux,108,1243.2,2025-03-19 20:05:53
ZnVk742,154.87.33.100,America/Mexico_City,19.432608,-99.133209,Linux,115,1250.90,2025-03-19 18:40:55
ZnVk742,154.87.33.100,America/Mexico_City,19.406871,-99.176699,Linux,113,1231.9,2025-03-19 20:41:07
ZnWk573,154.87.55.120,America/Sao_Paulo,-23.550520,-46.633308,Linux,105,1150.50,2025-03-19 19:10:22
ZnWk573,154.87.55.120,America/Sao_Paulo,-23.561227,-46.661715,Linux,101,1142.5,2025-03-19 22:11:18
ZnYk543,154.87.77.32,America/Bogota,4.609710,-74.081749,Linux,95,1100.40,2025-03-19 18:30:11
ZnYk543,154.87.77.32,America/Bogota,4.5800849999999995,-74.101478,Linux,99,1143.4,2025-03-19 21:30:36
ZoeScott,204.66.155.44,Europe/Copenhagen,55.676098,12.568337,Linux,180,1925.20,2025-03-19 23:55:22
ZoeScott,204.66.155.44,Europe/Copenhagen,55.671481,12.554017,Linux,184,1958.2,2025-03-20 01:54:50
ZvPy417,178.50.103.210,Europe/Madrid,40.416775,-3.703790,Linux,180,1880.40,2025-03-19 22:15:33
ZvPy417,178.50.103.210,Europe/Madrid,40.423245,-3.6677410000000004,Linux,178,1834.4,2025-03-20 00:16:10
ZxNv682,178.50.122.150,Europe/London,51.507351,-0.127758,Linux,185,1920.60,2025-03-19 22:55:32
ZxNv682,178.50.122.150,Europe/London,51.508553,-0.106606,Linux,187,1913.6,2025-03-20 00:56:32
